Date,Close,Close_arima,Close_nn_model,log_Close_arima,diff_log_Close_nn_model,scaled_diff_log_Close_nn_model,arima_output,arima_conf_int_lower,arima_conf_int_upper,nn_model_output,nn_model_conf_int_lower,nn_model_conf_int_upper
2016-01-15 00:00:00+01:00,8543.5908203125,8543.5908203125,8543.5908203125,9.052936669172144,,,1.0,,,,,
2016-01-22 00:00:00+01:00,8722.8916015625,8722.8916015625,8722.8916015625,9.073706067617785,0.02076939844564052,0.7236307327497581,789697.3137319924,,,,,
2016-01-29 00:00:00+01:00,8815.791015625,8815.791015625,8815.791015625,9.084299825987518,0.010593758369733308,0.3592497585151723,8905.955353286468,,,,,
2016-02-05 00:00:00+01:00,8499.4912109375,8499.4912109375,8499.4912109375,9.047761583150109,-0.03653824283740903,-1.3285069220839147,8953.930950039172,,,,,
2016-02-12 00:00:00+01:00,7920.7919921875,7920.7919921875,7920.7919921875,8.977246478822476,-0.07051510432763308,-2.545189292813073,8457.017103973982,,,,,
2016-02-19 00:00:00+01:00,8194.19140625,8194.19140625,8194.19140625,9.011180817151786,0.03393433832930981,1.195055978215065,7699.878362389757,,,,,
2016-02-26 00:00:00+01:00,8349.19140625,8349.19140625,8349.19140625,9.02991997558099,0.01873915842920404,0.6509295729602388,8157.405210038203,,,,,
2016-03-04 00:00:00+01:00,8811.5908203125,8811.5908203125,8811.5908203125,9.083823272471962,0.053903296890972285,1.9101273173022941,8444.33288564765,,,,,
2016-03-11 00:00:00+01:00,9090.5908203125,9090.5908203125,9090.5908203125,9.114995181793377,0.031171909321415114,1.0961357564263823,8930.389614269034,,,,,
2016-03-18 00:00:00+01:00,9051.0908203125,9051.0908203125,9051.0908203125,9.110640562061713,-0.0043546197316644,-0.1760388852636933,9107.115767718169,,,,,
2016-03-25 00:00:00+01:00,8789.791015625,8789.791015625,8789.791015625,9.081346215154834,-0.029294346906878488,-1.0691092000015188,9014.20867353352,,,,,
2016-04-01 00:00:00+02:00,8602.291015625,8602.291015625,8602.291015625,9.059783843929873,-0.021562371224961296,-0.7922337591724142,8745.86432809739,,,,,
2016-04-08 00:00:00+02:00,8427.5908203125,8427.5908203125,8427.5908203125,9.039266223711376,-0.0205176202184969,-0.754822118555387,8593.270661541032,,,,,
2016-04-15 00:00:00+02:00,8850.8916015625,8850.8916015625,8850.8916015625,9.088273478866709,0.049007255155332885,1.7348042472824043,8514.740565308448,,,,,
2016-04-22 00:00:00+02:00,9232.7900390625,9232.7900390625,9232.7900390625,9.1305165612414,0.0422430823746911,1.4925850011892707,8945.28685669204,,,,,
2016-04-29 00:00:00+02:00,9025.69140625,9025.69140625,9025.69140625,9.10783039037748,-0.02268617086392055,-0.832476063758049,9373.899975786158,,,,,
2016-05-06 00:00:00+02:00,8702.0908203125,8702.0908203125,8702.0908203125,9.071318599943297,-0.036511790434182956,-1.3275596841326447,9034.612886830959,,,,,
2016-05-13 00:00:00+02:00,8721.4912109375,8721.4912109375,8721.4912109375,9.073545512711021,0.002226912767724798,0.05964016845619897,8564.345060866845,,,,,
2016-05-20 00:00:00+02:00,8771.19140625,8771.19140625,8771.19140625,9.07922792633897,0.00568241362794808,0.18337870092432496,8688.909506768565,,,,,
2016-05-27 00:00:00+02:00,9107.291015625,9107.291015625,9107.291015625,9.116830582215384,0.037602655876414204,1.3264152943509153,8848.893492560335,,,,,
2016-06-03 00:00:00+02:00,8801.5908203125,8801.5908203125,8801.5908203125,9.08268775916397,-0.03414282305141292,-1.2427289868571474,9293.462889719676,,,,,
2016-06-10 00:00:00+02:00,8490.4912109375,8490.4912109375,8490.4912109375,9.04670213522152,-0.03598562394245164,-1.3087181117660478,8821.756393359565,,,,,
2016-06-17 00:00:00+02:00,8361.9912109375,8361.9912109375,8361.9912109375,9.031451860844145,-0.01525027437737414,-0.5662029658631483,8439.762445701253,,,,,
2016-06-24 00:00:00+02:00,7787.7001953125,7787.7001953125,7787.7001953125,8.960300870028524,-0.07115099081562093,-2.5679598444704794,8198.950154856644,,,,,
2016-07-01 00:00:00+02:00,8268.900390625,8268.900390625,8268.900390625,9.020256815528557,0.05995594550003247,2.1268674909343033,7806.145717965183,,,,,
2016-07-08 00:00:00+02:00,8185.89990234375,8185.89990234375,8185.89990234375,9.01016842906942,-0.010088386459136345,-0.38136017125697863,8372.910646993456,,,,,
2016-07-15 00:00:00+02:00,8531.0,8531.0,8531.0,9.051461866908694,0.04129343783927375,1.4585790420151425,8219.400328415606,,,,,
2016-07-22 00:00:00+02:00,8599.900390625,8599.900390625,8599.900390625,9.059505899689057,0.008044032780363253,0.2679462643511767,8604.113036792816,,,8605.144011733093,,
2016-07-29 00:00:00+02:00,8587.2001953125,8587.2001953125,8587.2001953125,9.058028024167172,-0.0014778755218856077,-0.07302513379809375,8563.965116592133,,,8577.692637687822,,
2016-08-05 00:00:00+02:00,8539.400390625,8539.400390625,8539.400390625,9.052446072447038,-0.005581951720133205,-0.21998859479856625,8522.62883214011,,,8563.676784557561,,
2016-08-12 00:00:00+02:00,8716.400390625,8716.400390625,8716.400390625,9.072961632437712,0.020515559990673893,0.7145409946272454,8536.65736420457,,,8717.67896333631,,
2016-08-19 00:00:00+02:00,8450.599609375,8450.599609375,8450.599609375,9.04199267752305,-0.03096895491466256,-1.1290754815116277,8636.051582109287,,,8474.062123308842,,
2016-08-26 00:00:00+02:00,8659.5,8659.5,8659.5,9.066412263169099,0.024419585646048958,0.8543408166660134,8591.418764865286,,,8602.645600501812,,
2016-09-02 00:00:00+02:00,8908.900390625,8908.900390625,8908.900390625,9.094806099899916,0.028393836730817412,0.9966553513113122,8694.92805915447,,,8899.132111431547,,
2016-09-09 00:00:00+02:00,9025.5,9025.5,9025.5,9.107809183328516,0.013003083428600348,0.4455256296789332,8983.33464599333,,,8977.18952850937,,
2016-09-16 00:00:00+02:00,8633.400390625,8633.400390625,8633.400390625,9.063393726243216,-0.04441545708530015,-1.6105832318285107,8971.671070554816,,,8911.997952013431,,
2016-09-23 00:00:00+02:00,8823.599609375,8823.599609375,8823.599609375,9.085185184719696,0.02179145847648023,0.7602298289231162,8562.62780138128,,,8762.281910724094,,
2016-09-30 00:00:00+02:00,8779.400390625,8779.400390625,8779.400390625,9.080163391657592,-0.005021793062104152,-0.19992979200916366,8843.538064714621,,,8803.203284341747,,
2016-10-07 00:00:00+02:00,8624.2998046875,8624.2998046875,8624.2998046875,9.062339056538901,-0.01782433511869108,-0.6583778810196718,8814.070698956959,,,8660.025168982094,,
2016-10-14 00:00:00+02:00,8767.900390625,8767.900390625,8767.900390625,9.078852648564984,0.016513592026083046,0.5712339422044812,8717.078771132501,,,8749.383680344516,,
2016-10-21 00:00:00+02:00,9100.400390625,9100.400390625,9100.400390625,9.116073690506795,0.03722104194181064,1.312750025509344,8670.676750631741,,,9020.51749286069,,
2016-10-28 00:00:00+02:00,9201.2998046875,9201.2998046875,9201.2998046875,9.127100036175818,0.011026345669023385,0.3747403399804148,9191.414061128973,,,9188.895544530358,,
2016-11-04 00:00:00+01:00,8791.599609375,8791.599609375,8791.599609375,9.081551954711502,-0.045548081464316326,-1.651141542813283,9122.930173382723,,,8895.105852428183,,
2016-11-11 00:00:00+01:00,8639.2001953125,8639.2001953125,8639.2001953125,9.064065287526256,-0.017486667185245608,-0.6462862809199432,8761.88531413167,,,8650.639689029518,,
2016-11-18 00:00:00+01:00,8622.900390625,8622.900390625,8622.900390625,9.062176779293932,-0.0018885082323247815,-0.08772954020066344,8606.331186840012,,,8614.601109421135,,
2016-11-25 00:00:00+01:00,8674.400390625,8674.400390625,8674.400390625,9.068131483189903,0.005954703895971747,0.1931291827020734,8624.699043915205,,,8660.923853064387,,
2016-12-02 00:00:00+01:00,8607.099609375,8607.099609375,8607.099609375,9.060342677648036,-0.007788805541867561,-0.29901414400807785,8760.81474689902,,,8648.538784921635,,
2016-12-09 00:00:00+01:00,9169.599609375,9169.599609375,9169.599609375,9.123648901197468,0.06330622354943216,2.2468380844783336,8692.532492991708,,,9037.09385472432,,
2016-12-16 00:00:00+01:00,9412.7998046875,9412.7998046875,9412.7998046875,9.14982572336052,0.02617682216305184,0.9172659544705768,9124.187219017,,,9421.188936376,,
2016-12-23 00:00:00+01:00,9367.7001953125,9367.7001953125,9367.7001953125,9.145022901703157,-0.004802821657362344,-0.1920886131551423,9498.777167811857,,,9384.018401397601,,
2016-12-30 00:00:00+01:00,9352.099609375,9352.099609375,9352.099609375,9.143356154225955,-0.0016667474772020796,-0.07978847709349539,9273.463773794589,,,9313.583209935083,,
2017-01-06 00:00:00+01:00,9515.900390625,9515.900390625,9515.900390625,9.160719403800282,0.017363249574327,0.60165945282449,9333.21352889906,,,9470.302554285765,,
2017-01-13 00:00:00+01:00,9511.599609375,9511.599609375,9511.599609375,9.160267344273468,-0.0004520595268147076,-0.03629153975575234,9517.766496351605,,,9514.544096832282,,
2017-01-20 00:00:00+01:00,9380.099609375,9380.099609375,9380.099609375,9.14634566128024,-0.013921682993228046,-0.5186272439131294,9630.121288478775,,,9428.550017966683,,
2017-01-27 00:00:00+01:00,9504.099609375,9504.099609375,9504.099609375,9.15947852233191,0.013132861051669664,0.45017285544311986,9349.80125915596,,,9471.36908883804,,
2017-02-03 00:00:00+01:00,9462.7001953125,9462.7001953125,9462.7001953125,9.155113054226,-0.004365468105909542,-0.1764273562735579,9527.551234192826,,,9453.733431511853,,
2017-02-10 00:00:00+01:00,9378.099609375,9378.099609375,9378.099609375,9.14613242119421,-0.008980633031789864,-0.34169246779487233,9505.612492734335,,,9392.082601292585,,
2017-02-17 00:00:00+01:00,9500.2998046875,9500.2998046875,9500.2998046875,9.159078635478835,0.012946214284625057,0.4434891942379169,9333.264353772587,,,9526.862140433197,,
2017-02-24 00:00:00+01:00,9453.5,9453.5,9453.5,9.154140322287983,-0.004938313190852028,-0.1969404491679356,9513.859108794288,,,9535.923598448418,,
2017-03-03 00:00:00+01:00,9798.5,9798.5,9798.5,9.189984591719108,0.0358442694311254,1.26344897859725,9495.865719492924,,,9695.686629716201,,
2017-03-10 00:00:00+01:00,10006.400390625,10006.400390625,10006.400390625,9.210980206301038,0.020995614581929445,0.7317313392485776,9889.24479694601,,,9992.52030518459,,
2017-03-17 00:00:00+01:00,10245.7998046875,10245.7998046875,10245.7998046875,9.234623125433334,0.023642919132296214,0.82652905260739,9970.393324943845,,,10213.373551803408,,
2017-03-24 00:00:00+01:00,10309.400390625,10309.400390625,10309.400390625,9.24081141728145,0.006188291848115313,0.20149376762612753,10258.07980243485,,,10313.787076516477,,
2017-03-31 00:00:00+02:00,10462.900390625,10462.900390625,10462.900390625,9.255590983181376,0.014779565899926794,0.5091399486587526,10273.554233945562,,,10470.694765032502,,
2017-04-07 00:00:00+02:00,10529.0,10529.0,10529.0,9.26188863385676,0.006297650675383792,0.2054098137641576,10475.544291237884,,,10468.942978996214,,
2017-04-14 00:00:00+02:00,10326.099609375,10326.099609375,10326.099609375,9.24242991185588,-0.019458722000880613,-0.7169038783983038,10520.826596439845,,,10388.719657343445,,
2017-04-21 00:00:00+02:00,10377.0,10377.0,10377.0,9.247347097605278,0.004917185749398811,0.1559765446160017,10353.458996517369,,,10343.432409176607,,
2017-04-28 00:00:00+02:00,10715.7998046875,10715.7998046875,10715.7998046875,9.279474548583263,0.03212745097798475,1.1303528864688412,10488.494840818312,,,10601.057912567005,,
2017-05-05 00:00:00+02:00,11135.400390625,11135.400390625,11135.400390625,9.31788453689188,0.03840998830861686,1.3553251787397806,10737.492690177605,,,10941.558585188846,,
2017-05-12 00:00:00+02:00,10897.0,10897.0,10897.0,9.296242800976886,-0.02164173591499363,-0.7950757408913116,11210.607014877205,,,10965.44709416234,,
2017-05-19 00:00:00+02:00,10835.400390625,10835.400390625,10835.400390625,9.290573866737168,-0.005668934239718482,-0.22310336448297222,10924.54141508502,,,10809.884180150739,,
2017-05-26 00:00:00+02:00,10904.2001953125,10904.2001953125,10904.2001953125,9.296903333012718,0.006329466275550644,0.20654910321407674,10787.825443206231,,,10933.944478495527,,
2017-06-02 00:00:00+02:00,10905.900390625,10905.900390625,10905.900390625,9.297059241997111,0.00015590898439299394,-0.014520706985995379,10887.53368259822,,,10918.615501075024,,
2017-06-09 00:00:00+02:00,10978.2998046875,10978.2998046875,10978.2998046875,9.303675858327708,0.006616616330596514,0.21683170126477486,10948.714158390037,,,10968.831554837241,,
2017-06-16 00:00:00+02:00,10759.400390625,10759.400390625,10759.400390625,9.28353510638469,-0.020140751943017676,-0.7413267877110533,11112.933779520585,,,10851.46732669303,,
2017-06-23 00:00:00+02:00,10630.7998046875,10630.7998046875,10630.7998046875,9.271510708833663,-0.012024397551027022,-0.45068707379378975,10700.113351518366,,,10624.018150571219,,
2017-06-30 00:00:00+02:00,10444.5,10444.5,10444.5,9.253830803050711,-0.017679905782951977,-0.6532059899472591,10650.313750893967,,,10530.017698496373,,
2017-07-07 00:00:00+02:00,10488.7998046875,10488.7998046875,10488.7998046875,9.258063281564139,0.004232478513428006,0.13145776369928688,10416.576583371803,,,10462.782002258158,,
2017-07-14 00:00:00+02:00,10655.099609375,10655.099609375,10655.099609375,9.27379389309296,0.015730611528821825,0.5431960797928346,10577.593669444457,,,10627.056828597844,,
2017-07-21 00:00:00+02:00,10426.599609375,10426.599609375,10426.599609375,9.25211547464453,-0.021678418448431103,-0.7963893110619966,10758.036501527273,,,10512.097223672954,,
2017-07-28 00:00:00+02:00,10536.099609375,10536.099609375,10536.099609375,9.262562697571195,0.010447222926664779,0.3540024495393341,10427.703817614973,,,10516.313713403892,,
2017-08-04 00:00:00+02:00,10658.400390625,10658.400390625,10658.400390625,9.2741036292955,0.011540931724304926,0.39316722681527594,10573.823542466764,,,10661.403621035266,,
2017-08-11 00:00:00+02:00,10282.900390625,10282.900390625,10282.900390625,9.238237638381243,-0.035865990914256685,-1.304434155273962,10681.088115266397,,,10448.384242226084,,
2017-08-18 00:00:00+02:00,10385.7001953125,10385.7001953125,10385.7001953125,9.248185157755438,0.00994751937419558,0.3361084924104527,10375.259284977175,,,10370.17841745021,,
2017-08-25 00:00:00+02:00,10345.2998046875,10345.2998046875,10345.2998046875,9.244287570396494,-0.003897587358943966,-0.15967294661154727,10356.489813091732,,,10366.638916096343,,
2017-09-01 00:00:00+02:00,10325.5,10325.5,10325.5,9.242371842806847,-0.0019157275896475312,-0.08870424212263749,10349.308929430457,,,10260.498922246039,,
2017-09-08 00:00:00+02:00,10129.599609375,10129.599609375,10129.599609375,9.223217071227134,-0.01915477157971246,-0.7060196735956501,10441.974100726742,,,10200.080031259755,,
2017-09-15 00:00:00+02:00,10317.400390625,10317.400390625,10317.400390625,9.24158710717015,0.018370035943014784,0.6377116122102324,10195.662412835385,,,10297.527436791177,,
2017-09-22 00:00:00+02:00,10305.0,10305.0,10305.0,9.240384493324559,-0.0012026138455905055,-0.06316824842973895,10356.211116038492,,,10339.459383117637,,
2017-09-29 00:00:00+02:00,10381.5,10381.5,10381.5,9.247780654950027,0.0073961616254685225,0.24474655201485165,10286.122769911037,,,10401.1355770451,,
2017-10-06 00:00:00+02:00,10185.5,10185.5,10185.5,9.228720419257613,-0.01906023569241455,-0.7026344242691431,10432.779995699182,,,10267.206719737525,,
2017-10-13 00:00:00+02:00,10258.0,10258.0,10258.0,9.235813167949214,0.007092748691601258,0.2338815941730649,10246.544926173694,,,10257.092825553682,,
2017-10-20 00:00:00+02:00,10222.7001953125,10222.7001953125,10222.7001953125,9.232366035838918,-0.00344713211029557,-0.14354252915110546,10268.713288739174,,,10188.244361089155,,
2017-10-27 00:00:00+02:00,10197.5,10197.5,10197.5,9.229897871191714,-0.0024681646472046737,-0.10848654099861386,10261.921916254138,,,10204.018202521725,,
2017-11-03 00:00:00+01:00,10357.7998046875,10357.7998046875,10357.7998046875,9.245495119193995,0.01559724800228146,0.5384204458901383,10210.98315007745,,,10313.865768530228,,
2017-11-10 00:00:00+01:00,10092.7001953125,10092.7001953125,10092.7001953125,9.219567688578172,-0.025927430615823255,-0.9485428052441232,10415.230638038549,,,10154.767023135817,,
2017-11-17 00:00:00+01:00,10010.400390625,10010.400390625,10010.400390625,9.211379870572761,-0.008187818005410463,-0.31330243930084767,10089.944600554263,,,10038.39797529345,,
2017-11-24 00:00:00+01:00,10053.5,10053.5,10053.5,9.215676111565703,0.004296240992941236,0.13374104359434272,10033.706023416898,,,10015.21913388497,,
2017-12-01 00:00:00+01:00,10085.0,10085.0,10085.0,9.218804450388312,0.0031283388226093223,0.09191946505366416,10077.835974553771,,,10076.816768541008,,
2017-12-08 00:00:00+01:00,10321.099609375,10321.099609375,10321.099609375,9.241945584655396,0.02314113426708353,0.8085605654480142,10111.076450453655,,,10273.336296320907,,
2017-12-15 00:00:00+01:00,10150.400390625,10150.400390625,10150.400390625,9.225268431044125,-0.016677153611270867,-0.617298291708391,10458.903470810003,,,10213.001478245656,,
2017-12-22 00:00:00+01:00,10182.0,10182.0,10182.0,9.228376734462282,0.0031083034181573765,0.09120201434403566,10079.610583920157,,,10188.807300636901,,
2017-12-29 00:00:00+01:00,10043.900390625,10043.900390625,10043.900390625,9.214720802926925,-0.013655931535357269,-0.5091109113383865,10204.310972764712,,,10106.840567042655,,
2018-01-05 00:00:00+01:00,10411.400390625,10411.400390625,10411.400390625,9.250656676156629,0.03593587322970393,1.2667292323327044,10029.794830337285,,,10264.883943573564,,
2018-01-12 00:00:00+01:00,10462.400390625,10462.400390625,10462.400390625,9.25554319414309,0.004886517986461669,0.1548783582362486,10514.456357105408,,,10451.717780514899,,
2018-01-19 00:00:00+01:00,10479.5,10479.5,10479.5,9.257176246813215,0.0016330526701242576,0.038374545919580436,10474.385015009204,,,10503.909415787175,,
2018-01-26 00:00:00+01:00,10595.400390625,10595.400390625,10595.400390625,9.268175260514548,0.010999013701333382,0.3737616055774349,10490.614186552633,,,10596.43820126059,,
2018-02-02 00:00:00+01:00,10211.2001953125,10211.2001953125,10211.2001953125,9.231240455211205,-0.0369348053033427,-1.3427074850562541,10614.819092711723,,,10394.156063157956,,
2018-02-09 00:00:00+01:00,9639.599609375,9639.599609375,9639.599609375,9.173634852444819,-0.05760560276638671,-2.0829110753565194,10188.379062842469,,,9872.6355076745,,
2018-02-16 00:00:00+01:00,9832.099609375,9832.099609375,9832.099609375,9.193407782335214,0.019772929890395474,0.6879480454450041,9644.802488753257,,,9712.560504241826,,
2018-02-23 00:00:00+01:00,9822.400390625,9822.400390625,9822.400390625,9.192420810442025,-0.0009869718931891924,-0.055446294418425,9830.498982398705,,,9791.390626051065,,
2018-03-02 00:00:00+01:00,9531.099609375,9531.099609375,9531.099609375,9.162315373976814,-0.030105436465211355,-1.0981536238659781,9956.676841391618,,,9652.791865772982,,
2018-03-09 00:00:00+01:00,9686.099609375,9686.099609375,9686.099609375,9.178447106760698,0.0161317327838848,0.557559889107603,9574.131725465322,,,9738.178326880943,,
2018-03-16 00:00:00+01:00,9761.0,9761.0,9761.0,9.186150133174966,0.007703026414267455,0.2557351178315211,9670.383631009825,,,9800.610047178128,,
2018-03-23 00:00:00+01:00,9393.099609375,9393.099609375,9393.099609375,9.14773061457738,-0.03841951859758552,-1.3958737991730599,9787.332688879384,,,9588.79180047058,,
2018-03-30 00:00:00+02:00,9600.400390625,9600.400390625,9600.400390625,9.16956008394297,0.02182946936559027,0.761590966375121,9325.54095575548,,,9580.97497573247,,
2018-04-06 00:00:00+02:00,9682.7998046875,9682.7998046875,9682.7998046875,9.178106374471385,0.008546290528414602,0.28593168504084304,9647.866471848347,,,9659.435077835555,,
2018-04-13 00:00:00+02:00,9767.2998046875,9767.2998046875,9767.2998046875,9.186795330654423,0.008688956183037888,0.2910404201998756,9712.13540023289,,,9797.599962722965,,
2018-04-20 00:00:00+02:00,9884.2001953125,9884.2001953125,9884.2001953125,9.198692821386636,0.011897490732213356,0.40593530014575957,9860.524995629925,,,9858.036887282024,,
2018-04-27 00:00:00+02:00,9925.400390625,9925.400390625,9925.400390625,9.202852446366375,0.004159624979738652,0.12884894092409724,9863.281251258219,,,9921.03864330719,,
2018-05-04 00:00:00+02:00,10104.099609375,10104.099609375,10104.099609375,9.22069652239177,0.017844076025394173,0.6188774370859856,9946.667414248908,,,10038.646103634032,,
2018-05-11 00:00:00+02:00,10271.400390625,10271.400390625,10271.400390625,9.237118651039143,0.016422128647374024,0.5679587167845404,10093.776893491031,,,10162.975892678225,,
2018-05-18 00:00:00+02:00,10112.400390625,10112.400390625,10112.400390625,9.221517711194625,-0.015600939844517825,-0.578759996535919,10294.424084000135,,,10120.14705689595,,
2018-05-25 00:00:00+02:00,9826.5,9826.5,9826.5,9.19283809684004,-0.028679614354585325,-1.0470961527015605,10189.651652732158,,,9836.10523377724,,
2018-06-01 00:00:00+02:00,9632.400390625,9632.400390625,9632.400390625,9.172887735478767,-0.01995036136127304,-0.7345090637011938,9788.211704949686,,,9753.458945409282,,
2018-06-08 00:00:00+02:00,9746.2998046875,9746.2998046875,9746.2998046875,9.184642984749267,0.011755249270500201,0.40084175497229096,9641.02351011641,,,9731.312799438827,,
2018-06-15 00:00:00+02:00,9851.0,9851.0,9851.0,9.19532825185568,0.010685267106412155,0.36252660816524623,9842.326804619863,,,9858.161935132777,,
2018-06-22 00:00:00+02:00,9792.099609375,9792.099609375,9792.099609375,9.189331177226409,-0.005997074629270571,-0.2348537913788495,9824.753319124253,,,9834.617123461812,,
2018-06-29 00:00:00+02:00,9622.7001953125,9622.7001953125,9622.7001953125,9.171880189858344,-0.01745098736806483,-0.6450086171614121,9828.157734260925,,,9713.66449122804,,
2018-07-06 00:00:00+02:00,9905.0,9905.0,9905.0,9.20079495913265,0.028914769274306806,1.0153095004647004,9603.859372057124,,,9741.619930882038,,
2018-07-13 00:00:00+02:00,9734.7998046875,9734.7998046875,9734.7998046875,9.183462353104607,-0.01733260602804343,-0.6407694825530325,9858.805589363204,,,9747.16622378114,,
2018-07-20 00:00:00+02:00,9724.7998046875,9724.7998046875,9724.7998046875,9.182434582638512,-0.0010277704660950349,-0.05690725644458887,9735.35982936515,,,9724.56358264885,,
2018-07-27 00:00:00+02:00,9867.900390625,9867.900390625,9867.900390625,9.197042383417616,0.014607800779103286,0.5029891864857292,9805.997018875818,,,9847.89320266266,,
2018-08-03 00:00:00+02:00,9739.7998046875,9739.7998046875,9739.7998046875,9.183975842491824,-0.013066540925791514,-0.48800533734832585,9815.096316466317,,,9744.980831191218,,
2018-08-10 00:00:00+02:00,9602.099609375,9602.099609375,9602.099609375,9.169737062852429,-0.01423877963939546,-0.5299822037972329,9738.255968929354,,,9645.404610430694,,
2018-08-17 00:00:00+02:00,9417.2998046875,9417.2998046875,9417.2998046875,9.150303681542264,-0.019433381310165032,-0.7159964499218797,9662.054563974245,,,9435.63459758272,,
2018-08-24 00:00:00+02:00,9589.5,9589.5,9589.5,9.168424028874892,0.01812034733262813,0.6287704764753526,9401.670032117228,,,9551.319135287073,,
2018-08-31 00:00:00+02:00,9399.099609375,9399.099609375,9399.099609375,9.1483691774336,-0.020054851441292598,-0.7382507641614455,9637.746188152523,,,9424.653098440747,,
2018-09-07 00:00:00+02:00,9171.2001953125,9171.2001953125,9171.2001953125,9.123823439490083,-0.02454573794351589,-0.899065571549489,9412.209424663482,,,9201.149949155004,,
2018-09-14 00:00:00+02:00,9365.2998046875,9365.2998046875,9365.2998046875,9.144766627679976,0.020943188189892936,0.729853994957372,9185.83421801128,,,9275.39803533121,,
2018-09-21 00:00:00+02:00,9590.400390625,9590.400390625,9590.400390625,9.168517917853178,0.023751290173201767,0.8304097269600017,9430.05969825561,,,9522.263175465841,,
2018-09-28 00:00:00+02:00,9389.2001953125,9389.2001953125,9389.2001953125,9.147315392356557,-0.02120252549662105,-0.779347991192351,9608.027627460504,,,9487.099067792795,,
2018-10-05 00:00:00+02:00,9253.900390625,9253.900390625,9253.900390625,9.132800405482604,-0.014514986873953362,-0.5398729487988319,9410.83309841361,,,9325.794416130217,,
2018-10-12 00:00:00+02:00,8902.0,8902.0,8902.0,9.0940312495758,-0.03876915590680419,-1.4083940123892784,9150.168410342387,,,8966.99642722518,,
2018-10-19 00:00:00+02:00,8892.099609375,8892.099609375,8892.099609375,9.092918477155285,-0.0011127724205142187,-0.05995110378314016,8913.851799021451,,,8917.569553784133,,
2018-10-26 00:00:00+02:00,8730.400390625,8730.400390625,8730.400390625,9.074566511541962,-0.01835196561332353,-0.677271878078909,8923.669474213822,,,8770.241392632377,,
2018-11-02 00:00:00+01:00,8993.0,8993.0,8993.0,9.104201775914515,0.02963526437255304,1.041109814142442,8792.90783062112,,,8931.549968232437,,
2018-11-09 00:00:00+01:00,9134.7998046875,9134.7998046875,9134.7998046875,9.11984655337629,0.01564477746177495,0.540122435212273,9023.546818307932,,,9225.004687890634,,
2018-11-16 00:00:00+01:00,9056.7998046875,9056.7998046875,9056.7998046875,9.111271114198612,-0.00857543917767778,-0.32718282218891126,9164.382864284236,,,9129.588059276644,,
2018-11-23 00:00:00+01:00,8916.7001953125,8916.7001953125,8916.7001953125,9.095681223870935,-0.01558989032767677,-0.5783643227816068,9060.009752708756,,,8916.623200246406,,
2018-11-30 00:00:00+01:00,9077.2001953125,9077.2001953125,9077.2001953125,9.11352107551229,0.017839851641355153,0.6187261655040315,8854.197111895406,,,9083.763149142947,,
2018-12-07 00:00:00+01:00,8815.5,8815.5,8815.5,9.084266814720815,-0.029254260791475417,-1.067673750469608,9097.14393836265,,,8861.8925516236,,
2018-12-14 00:00:00+01:00,8886.099609375,8886.099609375,8886.099609375,9.092243493130866,0.007976678410051008,0.2655343619165139,8859.63839875753,,,8896.4660143021,,
2018-12-21 00:00:00+01:00,8556.7998046875,8556.7998046875,8556.7998046875,9.054481544642156,-0.03776194848870951,-1.3723267755841362,8892.899997257477,,,8643.647718557617,,
2018-12-28 00:00:00+01:00,8493.7001953125,8493.7001953125,8493.7001953125,9.047080014195728,-0.007401530446427884,-0.28514615383542813,8550.233446372922,,,8496.559349815423,,
2019-01-04 00:00:00+01:00,8737.7998046875,8737.7998046875,8737.7998046875,9.075413698363995,0.02833368416826687,0.994501339457378,8524.862296201838,,,8638.077977332476,,
2019-01-11 00:00:00+01:00,8877.099609375,8877.099609375,8877.099609375,9.091230162068223,0.015816463704227957,0.5462703728182643,8764.757139960513,,,8828.63055712346,,
2019-01-18 00:00:00+01:00,9069.099609375,9069.099609375,9069.099609375,9.112628266888738,0.02139810482051452,0.7461441706932339,8888.413495384428,,,9025.060810934845,,
2019-01-25 00:00:00+01:00,9185.2001953125,9185.2001953125,9185.2001953125,9.125348793308541,0.01272052641980359,0.4354075046888457,9062.614874946095,,,9220.470715136558,,
2019-02-01 00:00:00+01:00,9019.400390625,9019.400390625,9019.400390625,9.107133135306608,-0.018215658001933477,-0.6723908190139865,9199.949642721209,,,9083.892469332603,,
2019-02-08 00:00:00+01:00,8856.7998046875,8856.7998046875,8856.7998046875,9.088940782492992,-0.018192352813615642,-0.6715562801387289,8978.33350232003,,,8877.675666242076,,
2019-02-15 00:00:00+01:00,9123.2001953125,9123.2001953125,9123.2001953125,9.118575920126686,0.02963513763369363,1.0411052757322075,8837.247836265915,,,9071.194534053433,,
2019-02-22 00:00:00+01:00,9204.599609375,9204.599609375,9204.599609375,9.127458595640762,0.00888267551407651,0.2979773438769478,9109.415079539775,,,9149.369770668882,,
2019-03-01 00:00:00+01:00,9267.7001953125,9267.7001953125,9267.7001953125,9.134290536659657,0.006831941018894838,0.22454229431971903,9294.968575485826,,,9278.26978650012,,
2019-03-08 00:00:00+01:00,9129.2998046875,9129.2998046875,9129.2998046875,9.119244278938032,-0.015046257721625267,-0.5588973037890868,9236.322669120826,,,9147.002587764004,,
2019-03-15 00:00:00+01:00,9342.2001953125,9342.2001953125,9342.2001953125,9.142297070431297,0.023052791493265445,0.8053970862221091,9122.392163624314,,,9295.4314292802,,
2019-03-22 00:00:00+01:00,9199.400390625,9199.400390625,9199.400390625,9.126893585981088,-0.015403484450208893,-0.5716892876262637,9318.744165963026,,,9170.552427003917,,
2019-03-29 00:00:00+01:00,9240.2998046875,9240.2998046875,9240.2998046875,9.131329610504109,0.004436024523020166,0.1387465723367269,9226.026017548456,,,9233.518637747644,,
2019-04-05 00:00:00+02:00,9510.2998046875,9510.2998046875,9510.2998046875,9.16013068024626,0.028801069742151242,1.0112380173945636,9187.823946338996,,,9493.694420114101,,
2019-04-12 00:00:00+02:00,9468.5,9468.5,9468.5,9.15572577870296,-0.004404901543299644,-0.1778394339636528,9585.492923355723,,,9457.400517403454,,
2019-04-19 00:00:00+02:00,9581.900390625,9581.900390625,9581.900390625,9.167631221920969,0.011905443218008571,0.406220071865281,9446.20176660969,,,9580.429280761473,,
2019-04-26 00:00:00+02:00,9506.0,9506.0,9506.0,9.159678457173955,-0.007952764747013674,-0.3048853830122289,9588.747397937663,,,9533.712283216128,,
2019-05-03 00:00:00+02:00,9409.599609375,9409.599609375,9409.599609375,9.149485682192235,-0.010192774981719666,-0.38509823503223733,9451.59780539042,,,9430.474691955253,,
2019-05-10 00:00:00+02:00,9117.5,9117.5,9117.5,9.117950922682835,-0.03153475950939999,-1.149336460469106,9352.444405071494,,,9233.149854871059,,
2019-05-17 00:00:00+02:00,9280.099609375,9280.099609375,9280.099609375,9.135627559491498,0.017676636808662494,0.6128815818412406,9111.681550469166,,,9196.58917419906,,
2019-05-24 00:00:00+02:00,9174.599609375,9174.599609375,9174.599609375,9.124194032665372,-0.011433526826126084,-0.42952849813859645,9318.202088198732,,,9143.581173566492,,
2019-05-31 00:00:00+02:00,9004.2001953125,9004.2001953125,9004.2001953125,9.105446435821264,-0.01874759684410776,-0.6914390943164521,9241.546395528285,,,9060.511254091272,,
2019-06-07 00:00:00+02:00,9236.099609375,9236.099609375,9236.099609375,9.130874955320408,0.02542851949914393,0.8904698756329722,8988.970479573152,,,9179.354214082903,,
2019-06-14 00:00:00+02:00,9194.2001953125,9194.2001953125,9194.2001953125,9.126328150689966,-0.00454680463044177,-0.18292086223293372,9251.180750796286,,,9254.395793018792,,
2019-06-21 00:00:00+02:00,9227.2001953125,9227.2001953125,9227.2001953125,9.129910944028186,0.0035827933382197585,0.10819309284593588,9131.760905135803,,,9228.71107084241,,
2019-06-28 00:00:00+02:00,9198.7998046875,9198.7998046875,9198.7998046875,9.126828298514777,-0.003082645513408977,-0.13049057563484032,9285.698027017392,,,9222.957614803852,,
2019-07-05 00:00:00+02:00,9335.0,9335.0,9335.0,9.141526055975824,0.014697757461046734,0.5062104583822337,9179.777717496972,,,9324.690268546123,,
2019-07-12 00:00:00+02:00,9293.2001953125,9293.2001953125,9293.2001953125,9.137038249917843,-0.004487806057980492,-0.1808081737778074,9356.202455198363,,,9257.665105980406,,
2019-07-19 00:00:00+02:00,9170.5,9170.5,9170.5,9.123747089391088,-0.013291160526755164,-0.49604877328166896,9275.401652218492,,,9198.716514855785,,
2019-07-26 00:00:00+02:00,9225.5,9225.5,9225.5,9.129726667981936,0.005979578590848078,0.19401992426576986,9164.430963669342,,,9226.795437277759,,
2019-08-02 00:00:00+02:00,8897.599609375,8897.599609375,8897.599609375,9.09353681253101,-0.036189855450926345,-1.3160314675325917,9278.735389986614,,,9013.32943182773,,
2019-08-09 00:00:00+02:00,8757.7998046875,8757.7998046875,8757.7998046875,9.077699988535056,-0.01583682399595432,-0.5872068063941446,8816.200158707275,,,8836.098431495735,,
2019-08-16 00:00:00+02:00,8670.400390625,8670.400390625,8670.400390625,9.067670249864557,-0.01002973867049839,-0.37926004407075864,8826.114723223054,,,8688.647682406914,,
2019-08-23 00:00:00+02:00,8649.5,8649.5,8649.5,9.065256794787032,-0.002413455077524773,-0.1065274380673774,8671.43565191849,,,8647.294353244473,,
2019-08-30 00:00:00+02:00,8812.900390625,8812.900390625,8812.900390625,9.083971880485576,0.018715085698543632,0.6500675490496944,8702.11319119773,,,8816.31883300803,,
2019-09-06 00:00:00+02:00,8990.099609375,8990.099609375,8990.099609375,9.103879207423748,0.01990732693817243,0.6927606888598562,8847.552136047028,,,8979.891259675594,,
2019-09-13 00:00:00+02:00,9137.900390625,9137.900390625,9137.900390625,9.12018592149749,0.016306714073740736,0.5638258195448925,8981.677330580025,,,9110.271144796638,,
2019-09-20 00:00:00+02:00,9179.0,9179.0,9179.0,9.12467354521909,0.004487623721601608,0.14059429553728964,9134.934834934784,,,9187.46061534139,,
2019-09-27 00:00:00+02:00,9184.099609375,9184.099609375,9184.099609375,9.125228964469063,0.0005554192499719335,-0.00021458582777492965,9116.468142903888,,,9163.176600156683,,
2019-10-04 00:00:00+02:00,8961.7998046875,8961.7998046875,8961.7998046875,9.10072635685596,-0.024502607613102967,-0.8975211112798956,9216.436219406085,,,9034.67904325491,,
2019-10-11 00:00:00+02:00,9273.7998046875,9273.7998046875,9273.7998046875,9.13494847799073,0.03422212113476952,1.2053612345172857,8892.161620413368,,,9199.671299592605,,
2019-10-18 00:00:00+02:00,9329.7998046875,9329.7998046875,9329.7998046875,9.140968836450142,0.0060203584594127335,0.195480216505462,9314.764613803918,,,9315.622526284036,,
2019-10-25 00:00:00+02:00,9430.2001953125,9430.2001953125,9430.2001953125,9.151672605021723,0.010703768571580952,0.3631891298201675,9414.01686365417,,,9382.765724041856,,
2019-11-01 00:00:00+01:00,9328.0,9328.0,9328.0,9.140775908590273,-0.010896696431450081,-0.41030506052174076,9422.089498392446,,,9353.67932157052,,
2019-11-08 00:00:00+01:00,9393.7001953125,9393.7001953125,9393.7001953125,9.147794551591021,0.00701864300074817,0.23122793272003164,9301.715075218679,,,9380.402728875335,,
2019-11-15 00:00:00+01:00,9261.400390625,9261.400390625,9261.400390625,9.1336105462952,-0.014184005295820867,-0.5280207813681882,9353.438563492611,,,9314.984309264473,,
2019-11-22 00:00:00+01:00,9254.7001953125,9254.7001953125,9254.7001953125,9.132886830675506,-0.0007237156196939765,-0.0460193122635947,9306.283611064635,,,9250.855356688586,,
2019-11-29 00:00:00+01:00,9352.0,9352.0,9352.0,9.143345503151904,0.010458672476397979,0.35441244812961525,9225.986077752616,,,9373.04763629652,,
2019-12-06 00:00:00+01:00,9382.7001953125,9382.7001953125,9382.7001953125,9.146622867878532,0.003277364726628207,0.09725595530759541,9408.720335433043,,,9395.392675557203,,
2019-12-13 00:00:00+01:00,9563.7001953125,9563.7001953125,9563.7001953125,9.165729980879908,0.019107113001375353,0.6641057117074517,9368.07225392987,,,9506.608742210248,,
2019-12-20 00:00:00+01:00,9675.5,9675.5,9675.5,9.177352196149203,0.011622215269294855,0.39607792109020395,9530.930236001212,,,9629.924878396352,,
2019-12-27 00:00:00+01:00,9700.5,9700.5,9700.5,9.179932709554757,0.002580513405554541,0.0723023050826151,9672.485939394921,,,9671.134996616474,,
2020-01-03 00:00:00+01:00,9646.599609375,9646.599609375,9646.599609375,9.174360760149908,-0.005571949404849619,-0.219630420437008,9650.775706642738,,,9687.80175244385,,
2020-01-10 00:00:00+01:00,9573.599609375,9573.599609375,9573.599609375,9.166764548456996,-0.007596211692911581,-0.2921175228824616,9624.477145934829,,,9596.79445355199,,
2020-01-17 00:00:00+01:00,9681.2998046875,9681.2998046875,9681.2998046875,9.177951448599977,0.01118690014298096,0.3804896584706491,9555.101303925532,,,9514.099068057685,,
2020-01-24 00:00:00+01:00,9562.0,9562.0,9562.0,9.165552189186048,-0.012399259413928831,-0.4641105567185605,9755.070077516866,,,9616.387764058542,,
2020-01-31 00:00:00+01:00,9367.900390625,9367.900390625,9367.900390625,9.145044272281762,-0.020507916904286105,-0.7544746511666961,9549.966304164562,,,9444.949509349677,,
2020-02-07 00:00:00+01:00,9811.0,9811.0,9811.0,9.19125948416339,0.046215211881628804,1.634823563945714,9401.866777198971,,,9614.218194707624,,
2020-02-14 00:00:00+01:00,9956.7998046875,9956.7998046875,9956.7998046875,9.206010994198962,0.014751510035571513,0.5081352921348868,9756.312795186748,,,9909.649808989137,,
2020-02-21 00:00:00+01:00,9886.2001953125,9886.2001953125,9886.2001953125,9.198895144047516,-0.007115850151446779,-0.27491618663647943,10025.95027878541,,,9935.64202264447,,
2020-02-28 00:00:00+01:00,8723.2001953125,8723.2001953125,8723.2001953125,9.073741444452164,-0.1251536995953515,-4.501750691009486,9909.77430101873,,,9421.011331795216,,
2020-03-06 00:00:00+01:00,8375.599609375,8375.599609375,8375.599609375,9.033077949279711,-0.04066349517245271,-1.4762286824443018,8607.75482451069,,,8427.16271338471,,
2020-03-13 00:00:00+01:00,6629.60009765625,6629.60009765625,6629.60009765625,8.799299764265172,-0.23377818501453973,-8.39150067504138,8301.970524601882,,,7121.330937301128,,
2020-03-20 00:00:00+01:00,6443.2998046875,6443.2998046875,6443.2998046875,8.770796079902647,-0.028503684362524595,-1.040796250049151,6621.939759424012,,,6521.435119068593,,
2020-03-27 00:00:00+01:00,6777.89990234375,6777.89990234375,6777.89990234375,8.821422584035487,0.050626504132839756,1.7927881692323666,6525.146034241269,,,6952.287501712964,,
2020-04-03 00:00:00+02:00,6581.60009765625,6581.60009765625,6581.60009765625,8.792033170692488,-0.02938941334299905,-1.0725134478279172,6933.697208812842,,,6301.227507561985,,
2020-04-10 00:00:00+02:00,7070.60009765625,7070.60009765625,7070.60009765625,8.863700634730748,0.07166746403825996,2.5462469602248663,6687.6067307676885,,,7124.077829702932,,
2020-04-17 00:00:00+02:00,6875.7998046875,6875.7998046875,6875.7998046875,8.835763250995628,-0.02793738373511978,-1.0205175085858011,7075.702474507966,,,6818.463759322403,,
2020-04-24 00:00:00+02:00,6613.89990234375,6613.89990234375,6613.89990234375,8.79692875921853,-0.038834491777098634,-1.410733634063469,6720.7359080589085,,,6663.799577474983,,
2020-05-01 00:00:00+02:00,6922.2998046875,6922.2998046875,6922.2998046875,8.842503335116286,0.045574575897756375,1.6118829368999645,6636.46552152093,,,7056.100810923744,,
2020-05-08 00:00:00+02:00,6783.10009765625,6783.10009765625,6783.10009765625,8.822189517973602,-0.020313817142683988,-0.7475241045962903,6867.328354499712,,,6850.372717101656,,
2020-05-15 00:00:00+02:00,6474.89990234375,6474.89990234375,6474.89990234375,8.775688427350754,-0.04650109062284713,-1.6852679862654387,6899.417811212176,,,6321.082297915655,,
2020-05-22 00:00:00+02:00,6697.5,6697.5,6697.5,8.809489601418763,0.03380117406800842,1.190287479830269,6570.633386044509,,,6840.801396609536,,
2020-05-29 00:00:00+02:00,7096.5,7096.5,7096.5,8.867356983739313,0.05786738232055022,2.0520778285235703,6620.814024156226,,,7117.104258358787,,
2020-06-05 00:00:00+02:00,7872.60009765625,7872.60009765625,7872.60009765625,8.971143667744299,0.10378668400498547,3.6964087756806827,7309.596467151019,,,7790.479160570349,,
2020-06-12 00:00:00+02:00,7292.7001953125,7292.7001953125,7292.7001953125,8.894629153584818,-0.07651451415948074,-2.76002303133505,7804.633327131758,,,7229.054072149371,,
2020-06-19 00:00:00+02:00,7414.2001953125,7414.2001953125,7414.2001953125,8.91115238568123,0.0165232320964126,0.5715791448838379,7325.349725541365,,,7346.643887356258,,
2020-06-26 00:00:00+02:00,7178.39990234375,7178.39990234375,7178.39990234375,8.878831782379667,-0.03232060330156372,-1.17747685502402,7296.029941653415,,,7140.397138398913,,
2020-07-03 00:00:00+02:00,7403.5,7403.5,7403.5,8.909708140348773,0.03087635796910604,1.0855523151010826,7198.922819576357,,,7405.707027055889,,
2020-07-10 00:00:00+02:00,7321.10009765625,7321.10009765625,7321.10009765625,8.898515882228525,-0.011192258120248155,-0.42088887198787694,7450.681486961415,,,7304.178026610993,,
2020-07-17 00:00:00+02:00,7440.39990234375,7440.39990234375,7440.39990234375,8.914679876697662,0.016163994469136966,0.5587151524831686,7412.677456766492,,,7460.111409359174,,
2020-07-24 00:00:00+02:00,7294.7001953125,7294.7001953125,7294.7001953125,8.894903362828272,-0.019776513869389944,-0.728283733600281,7317.485764939473,,,7215.2149018470645,,
2020-07-31 00:00:00+02:00,6877.39990234375,6877.39990234375,6877.39990234375,8.835995938326219,-0.05890742450205266,-2.1295281990738624,7103.0384433462,,,6805.008924113278,,
2020-08-07 00:00:00+02:00,6950.5,6950.5,6950.5,8.846568878417147,0.010572940090927574,0.3585042737440392,6886.922703736728,,,6978.876161555896,,
2020-08-14 00:00:00+02:00,7154.2998046875,7154.2998046875,7154.2998046875,8.87546882622177,0.02889994780462324,1.0147787563028983,6972.157376584998,,,7092.699101788875,,
2020-08-21 00:00:00+02:00,6982.10009765625,6982.10009765625,6982.10009765625,8.851105024092757,-0.024363802129013123,-0.8925506055284674,7122.89220564518,,,6830.695475046539,,
2020-08-28 00:00:00+02:00,7133.0,7133.0,7133.0,8.872487182278038,0.021382158185280886,0.7455731353147369,7044.556773944632,,,7121.451150554697,,
2020-09-04 00:00:00+02:00,6989.7001953125,6989.7001953125,6989.7001953125,8.8521929437948,-0.020294238483238303,-0.7468230095349666,7045.654135952357,,,7003.205566633384,,
2020-09-11 00:00:00+02:00,6943.2001953125,6943.2001953125,6943.2001953125,8.845518070460075,-0.006674873334723941,-0.2591251837222958,6976.092960858719,,,6988.856385789611,,
2020-09-18 00:00:00+02:00,6929.7998046875,6929.7998046875,6929.7998046875,8.843586203554194,-0.0019318669058812077,-0.08928217724306604,7035.019998489583,,,6958.517653812797,,
2020-09-25 00:00:00+02:00,6628.2998046875,6628.2998046875,6628.2998046875,8.799103610578312,-0.044482592975882085,-1.6129873106907606,6750.46027568473,,,6761.14596114837,,
2020-10-02 00:00:00+02:00,6754.5,6754.5,6754.5,8.817964228409735,0.018860617831423454,0.655278930345181,6685.168061978134,,,6741.546376827714,,
2020-10-09 00:00:00+02:00,6950.89990234375,6950.89990234375,6950.89990234375,8.846626412528341,0.028662184118605438,1.0062646419177108,6730.075641325502,,,6993.546855974712,,
2020-10-16 00:00:00+02:00,6849.7001953125,6849.7001953125,6849.7001953125,8.831960163190798,-0.01466624933754268,-0.5452895283394447,7118.1702416167545,,,6845.264640403875,,
2020-10-23 00:00:00+02:00,6893.39990234375,6893.39990234375,6893.39990234375,8.838319696920744,0.006359533729945355,0.20762579305799517,6815.014405160779,,,6906.259889240276,,
2020-10-30 00:00:00+01:00,6452.2001953125,6452.2001953125,6452.2001953125,8.772176467175461,-0.06614322974528264,-2.3886362005589477,6792.901822422701,,,6514.7306348014445,,
2020-11-06 00:00:00+01:00,6870.39990234375,6870.39990234375,6870.39990234375,8.834977593470406,0.06280112629494461,2.228750983490047,6406.422005189086,,,6905.58813111778,,
2020-11-13 00:00:00+01:00,7783.7001953125,7783.7001953125,7783.7001953125,8.959787107619539,0.124809514149133,4.449218355417094,6911.664166499459,,,7251.064671105061,,
2020-11-20 00:00:00+01:00,7977.89990234375,7977.89990234375,7977.89990234375,8.984430485676157,0.024643378056618204,0.8623546316183134,7879.242539124579,,,7999.782883509564,,
2020-11-27 00:00:00+01:00,8190.7001953125,8190.7001953125,8190.7001953125,9.010754667125868,0.026324181449711048,0.9225427645812774,8056.07812530533,,,8166.631142906276,,
2020-12-04 00:00:00+01:00,8322.900390625,8322.900390625,8322.900390625,9.026766077709201,0.01601141058333333,0.55325125394245,8050.3116227308465,,,8269.524402983014,,
2020-12-11 00:00:00+01:00,8063.10009765625,8063.10009765625,8063.10009765625,8.995053389051254,-0.0317126886579473,-1.1557079512066672,8120.705754805113,,,8077.662593579117,,
2020-12-18 00:00:00+01:00,8037.39990234375,8037.39990234375,8037.39990234375,8.99186091463862,-0.0031924744126339277,-0.134423454647872,8014.1734145049395,,,8038.347767074761,,
2020-12-25 00:00:00+01:00,8111.5,8111.5,8111.5,9.001038086850453,0.009177172211833451,0.30852301892412415,8110.632993442268,,,8088.80599979011,,
2021-01-01 00:00:00+01:00,8073.7001953125,8073.7001953125,8073.7001953125,8.996367168609588,-0.004670918240865518,-0.18736526454518287,8128.690385216299,,,8092.884870874581,,
2021-01-08 00:00:00+01:00,8407.7001953125,8407.7001953125,8407.7001953125,9.036903254845951,0.04053608623636329,1.4314589284057748,8093.298982350942,,,8443.225325069314,,
2021-01-15 00:00:00+01:00,8230.7001953125,8230.7001953125,8230.7001953125,9.015626368461934,-0.021276886384017146,-0.7820107910154788,8385.095660081262,,,8266.026225982774,,
2021-01-22 00:00:00+01:00,8036.39990234375,8036.39990234375,8036.39990234375,8.991736488552263,-0.023889879909670952,-0.8755798559041572,8212.649960676998,,,8088.213259019659,,
2021-01-29 00:00:00+01:00,7757.5,7757.5,7757.5,8.956415396322535,-0.03532109222972757,-1.2849217990932464,7963.437189080679,,,7874.346881653052,,
2021-02-05 00:00:00+01:00,8214.7001953125,8214.7001953125,8214.7001953125,9.01368053501692,0.05726513869438499,2.0305119989942577,7635.341728219588,,,8239.89568703245,,
2021-02-12 00:00:00+01:00,8055.0,8055.0,8055.0,8.994048295611075,-0.019632239405845908,-0.723117388368808,8191.054767520435,,,7933.648676191682,,
2021-02-19 00:00:00+01:00,8151.60009765625,8151.60009765625,8151.60009765625,9.005969517965266,0.01192122235419113,0.40678510924591654,8204.267868408182,,,8125.968048047826,,
2021-02-26 00:00:00+01:00,8225.0,8225.0,8225.0,9.014933575633572,0.008964057668306324,0.3008915692644771,8107.671256173622,,,8262.707977043292,,
2021-03-05 00:00:00+01:00,8286.7998046875,8286.7998046875,8286.7998046875,9.022419142802624,0.007485567169052132,0.24794808811773544,8162.142932134574,,,8275.14280531329,,
2021-03-12 00:00:00+01:00,8644.5,8644.5,8644.5,9.06467855954483,0.04225941674220657,1.4931699209293945,8156.156456327972,,,8515.375502625744,,
2021-03-19 00:00:00+01:00,8493.0,8493.0,8493.0,9.04699757378001,-0.017680985764821244,-0.6532446631749621,8630.049972890085,,,8444.15293480582,,
2021-03-26 00:00:00+01:00,8498.2001953125,8498.2001953125,8498.2001953125,9.047609678330023,0.0006121045500133704,0.0018152663190972246,8616.85230435036,,,8512.972749191107,,
2021-04-02 00:00:00+02:00,8577.599609375,8577.599609375,8577.599609375,9.056909387533144,0.009299709203121509,0.31291096385262407,8520.381430352149,,,8585.690947287054,,
2021-04-09 00:00:00+02:00,8565.7998046875,8565.7998046875,8565.7998046875,9.055532786980837,-0.001376600552307039,-0.06939856369485366,8471.874367240678,,,8538.65338475493,,
2021-04-16 00:00:00+02:00,8613.5,8613.5,8613.5,9.061086018886424,0.005553231905587097,0.1787528138552012,8642.568042081717,,,8565.937015282083,,
2021-04-23 00:00:00+02:00,8618.599609375,8618.599609375,8618.599609375,9.061677892150794,0.0005918732643692692,0.0010908012713927418,8673.728897337303,,,8641.561253387694,,
2021-04-30 00:00:00+02:00,8815.0,8815.0,8815.0,9.08421009483197,0.022532202681176727,0.7867552457964001,8520.903150896145,,,8797.058218570739,,
2021-05-07 00:00:00+02:00,9059.2001953125,9059.2001953125,9059.2001953125,9.111536116477154,0.02732602164518383,0.9584178057315701,8874.30406847263,,,9061.730729165061,,
2021-05-14 00:00:00+02:00,9145.599609375,9145.599609375,9145.599609375,9.121028125583697,0.009492009106542909,0.31979705903987543,8967.725232658764,,,9112.438403563927,,
2021-05-21 00:00:00+02:00,9204.0,9204.0,9204.0,9.127393451155257,0.006365325571559666,0.2078331939560509,9246.54730290679,,,9208.07258600865,,
2021-05-28 00:00:00+02:00,9224.599609375,9224.599609375,9224.599609375,9.129629065189022,0.002235614033764932,0.059951753356325826,9133.6682293583,,,9196.944149570194,,
2021-06-04 00:00:00+02:00,9088.2998046875,9088.2998046875,9088.2998046875,9.114743129488934,-0.014885935700087671,-0.5531563092213402,9144.260518305264,,,9131.296515804306,,
2021-06-11 00:00:00+02:00,9205.0,9205.0,9205.0,9.127502093667179,0.012758964178244625,0.4367839279667582,9011.720225226236,,,9184.346568896684,,
2021-06-18 00:00:00+02:00,9030.599609375,9030.599609375,9030.599609375,9.108374046130663,-0.019128047536515425,-0.7050627084491844,9265.886037197013,,,9111.424800868463,,
2021-06-25 00:00:00+02:00,9095.0,9095.0,9095.0,9.115480090952223,0.007106044821560076,0.23435771722299611,9096.526357043813,,,9108.081093957684,,
2021-07-02 00:00:00+02:00,8907.599609375,8907.599609375,8907.599609375,9.0946600800585,-0.02082001089372376,-0.7656504701889616,9016.183061589367,,,8905.469079415236,,
2021-07-09 00:00:00+02:00,8776.599609375,8776.599609375,8776.599609375,9.079844323387626,-0.01481575667087398,-0.5506432581655871,8903.48637690011,,,8808.043503910576,,
2021-07-16 00:00:00+02:00,8506.2001953125,8506.2001953125,8506.2001953125,9.048550611312834,-0.03129371207479181,-1.140704757853441,8769.058304508597,,,8566.41460213882,,
2021-07-23 00:00:00+02:00,8717.2001953125,8717.2001953125,8717.2001953125,9.073053386827073,0.024502775514239516,0.8573197747454657,8534.585477794402,,,8669.794584820484,,
2021-07-30 00:00:00+02:00,8675.7001953125,8675.7001953125,8675.7001953125,9.068281315714907,-0.004772071112165932,-0.19098746241343684,8738.765259423075,,,8760.60398534032,,
2021-08-06 00:00:00+02:00,8879.0,8879.0,8879.0,9.091444217032327,0.023162901317419937,0.8093400249167677,8666.182024377644,,,8850.955372151639,,
2021-08-13 00:00:00+02:00,8999.7998046875,8999.7998046875,8999.7998046875,9.104957612147345,0.013513395115017701,0.46379945501797176,8910.474881976897,,,8994.195225397309,,
2021-08-20 00:00:00+02:00,8915.2998046875,8915.2998046875,8915.2998046875,9.095524158973237,-0.009433453174107598,-0.3579075700763933,8999.156451840507,,,8949.315253886947,,
2021-08-27 00:00:00+02:00,8922.2001953125,8922.2001953125,8922.2001953125,9.096297853826128,0.0007736948528904719,0.007601676957640819,8870.684513032385,,,8946.551130108644,,
2021-09-03 00:00:00+02:00,8864.0,8864.0,8864.0,9.089753408987065,-0.006544444839063246,-0.2544546507668976,8883.944149391786,,,8889.04833141866,,
2021-09-10 00:00:00+02:00,8695.2998046875,8695.2998046875,8695.2998046875,9.070537906319029,-0.019215502668036066,-0.7081944019630654,8856.79774366921,,,8805.571485424372,,
2021-09-17 00:00:00+02:00,8760.900390625,8760.900390625,8760.900390625,9.078053962966413,0.007516056647384417,0.24903989027816434,8759.344951970803,,,8709.062220493619,,
2021-09-24 00:00:00+02:00,8873.099609375,8873.099609375,8873.099609375,9.090779462893705,0.012725499927292105,0.43558560174126787,8792.766970586337,,,8881.878989465056,,
2021-10-01 00:00:00+02:00,8799.5,8799.5,8799.5,9.082450180670266,-0.008329282223439094,-0.3183681520422656,8879.10726410976,,,8791.686805671194,,
2021-10-08 00:00:00+02:00,8955.0,8955.0,8955.0,9.099967314494812,0.017517133824545894,0.6071699163035277,8860.834064682189,,,8898.700168145004,,
2021-10-15 00:00:00+02:00,8997.0,8997.0,8997.0,9.104646467417119,0.004679152922307139,0.14745279251898746,8888.166087576064,,,8937.372347900098,,
2021-10-22 00:00:00+02:00,8906.400390625,8906.400390625,8906.400390625,9.094525442273406,-0.010121025143712714,-0.3825289346561314,9042.865383581415,,,8910.402286460765,,
2021-10-29 00:00:00+02:00,9057.7001953125,9057.7001953125,9057.7001953125,9.111370525236811,0.016845082963405034,0.5831043493523631,8861.957835305102,,,9008.395702298412,,
2021-11-05 00:00:00+01:00,9130.599609375,9130.599609375,9130.599609375,9.11938664606287,0.00801612082605807,0.2669467611232083,9077.422415976785,,,9102.358092020766,,
2021-11-12 00:00:00+01:00,9080.7998046875,9080.7998046875,9080.7998046875,9.113917551932838,-0.005469094130031493,-0.21594726095378963,9132.266655007019,,,9122.115267031635,,
2021-11-19 00:00:00+01:00,8753.2001953125,8753.2001953125,8753.2001953125,9.077174649093473,-0.03674290283936443,-1.3358356218357792,9096.022212420488,,,8907.2239230028,,
2021-11-26 00:00:00+01:00,8402.7001953125,8402.7001953125,8402.7001953125,9.036308384999753,-0.04086626409372052,-1.4834896642130062,8663.317744150092,,,8527.880029398006,,
2021-12-03 00:00:00+01:00,8241.7001953125,8241.7001953125,8241.7001953125,9.016961936002092,-0.019346448997660914,-0.7128834781101392,8393.319925323784,,,8261.472539322769,,
2021-12-10 00:00:00+01:00,8360.2001953125,8360.2001953125,8360.2001953125,9.031237652599742,0.014275716597650145,0.4910975357725428,8261.158030200359,,,8319.36493438934,,
2021-12-17 00:00:00+01:00,8311.599609375,8311.599609375,8311.599609375,9.025407361428154,-0.0058302911715877315,-0.22888141830518144,8415.766156428917,,,8352.70862894876,,
2021-12-24 00:00:00+01:00,8563.7001953125,8563.7001953125,8563.7001953125,9.055287641543373,0.029880280115218483,1.049883618478017,8394.86057455684,,,8560.232877731212,,
2021-12-31 00:00:00+01:00,8713.7998046875,8713.7998046875,8713.7998046875,9.072663232427654,0.017375590884281422,0.6021013845861264,8552.455619696333,,,8747.038097498013,,
2022-01-07 00:00:00+01:00,8751.7998046875,8751.7998046875,8751.7998046875,9.077014650164255,0.004351417736600638,0.13571687562650236,8685.009642871815,,,8741.012536062764,,
2022-01-14 00:00:00+01:00,8806.599609375,8806.599609375,8806.599609375,9.083256675000905,0.006242024836650373,0.20341790002122853,8745.876336472753,,,8864.744413695162,,
2022-01-21 00:00:00+01:00,8694.7001953125,8694.7001953125,8694.7001953125,9.070468946068859,-0.012787728932046605,-0.4780213181464675,8767.642431372056,,,8712.156496919319,,
2022-01-28 00:00:00+01:00,8609.7998046875,8609.7998046875,8609.7998046875,9.06065634566336,-0.009812600405497918,-0.3714845083841325,8669.891640496846,,,8603.78614145151,,
2022-02-04 00:00:00+01:00,8589.2998046875,8589.2998046875,8589.2998046875,9.058272498813981,-0.002383846849379978,-0.10546719272297841,8644.169675621188,,,8578.793502957877,,
2022-02-11 00:00:00+01:00,8798.099609375,8798.099609375,8798.099609375,9.082291023664874,0.024018524850893286,0.8399791723688518,8598.358873814179,,,8780.473213355377,,
2022-02-18 00:00:00+01:00,8590.0,8590.0,8590.0,9.0583540149783,-0.023937008686573336,-0.8772674971251586,8848.239516496378,,,8640.641020484167,,
2022-02-25 00:00:00+01:00,8486.599609375,8486.599609375,8486.599609375,9.046243681924443,-0.012110333053858113,-0.4537643507030893,8621.776998021876,,,8530.588207901683,,
2022-03-04 00:00:00+01:00,7720.89990234375,7720.89990234375,7720.89990234375,8.951686203886448,-0.09455747803799497,-3.4061261469217423,8418.249900504972,,,8080.608637716218,,
2022-03-11 00:00:00+01:00,8142.10009765625,8142.10009765625,8142.10009765625,9.004803422976085,0.0531172190896374,1.8819785430789637,7687.257491602495,,,7886.764500401021,,
2022-03-18 00:00:00+01:00,8417.599609375,8417.599609375,8417.599609375,9.038079984570796,0.03327656159471104,1.1715015555356074,8182.86659686557,,,8352.536202421861,,
2022-03-25 00:00:00+01:00,8330.599609375,8330.599609375,8330.599609375,9.027690714488081,-0.010389270082715285,-0.39213455665908337,8556.59577039055,,,8341.78065925788,,
2022-04-01 00:00:00+02:00,8503.7001953125,8503.7001953125,8503.7001953125,9.048256664850998,0.02056595036291675,0.7163454307897793,8350.329229699173,,,8490.779664828158,,
2022-04-08 00:00:00+02:00,8606.400390625,8606.400390625,8606.400390625,9.060261436906712,0.012004772055714596,0.4097769526494791,8417.023314257756,,,8598.209381650504,,
2022-04-15 00:00:00+02:00,8699.0,8699.0,8699.0,9.07096335550754,0.010701918600828364,0.36312288394864445,8477.40866832244,,,8621.045053613425,,
2022-04-22 00:00:00+02:00,8652.2998046875,8652.2998046875,8652.2998046875,9.06558043796214,-0.005382917545400545,-0.21286135111128426,8775.840591185895,,,8640.028104731682,,
2022-04-29 00:00:00+02:00,8584.2001953125,8584.2001953125,8584.2001953125,9.0576786059529,-0.00790183200924055,-0.30306152520360347,8611.935108797094,,,8658.699964520822,,
2022-05-06 00:00:00+02:00,8322.0,8322.0,8322.0,9.026657889542886,-0.031020716410013804,-1.130929016420806,8598.78533485726,,,8518.973531726093,,
2022-05-13 00:00:00+02:00,8338.099609375,8338.099609375,8338.099609375,9.02859060480438,0.001932715261494522,0.04910520720188041,8326.477506773055,,,8349.243712502983,,
2022-05-20 00:00:00+02:00,8484.5,8484.5,8484.5,9.04599624841288,0.017405643608499943,0.603177546955025,8326.668616950978,,,8491.591692247606,,
2022-05-27 00:00:00+02:00,8933.599609375,8933.599609375,8933.599609375,9.097574684406208,0.05157843599332779,1.8268760355623521,8622.313017375856,,,8774.696374344041,,
2022-06-03 00:00:00+02:00,8724.7998046875,8724.7998046875,8724.7998046875,9.073924801785896,-0.023649882620311757,-0.8669857580923234,8913.675709579658,,,8829.502201874582,,
2022-06-10 00:00:00+02:00,8390.599609375,8390.599609375,8390.599609375,9.034867264055988,-0.039057537729908276,-1.4187207190013778,8724.090763739507,,,8478.166300527835,,
2022-06-17 00:00:00+02:00,8145.89990234375,8145.89990234375,8145.89990234375,9.005270000180952,-0.02959726387503636,-1.0799563977351425,8245.011017467477,,,8237.586225161298,,
2022-06-24 00:00:00+02:00,8244.099609375,8244.099609375,8244.099609375,9.017253024588374,0.011983024407422604,0.4089981879513536,8184.940175890911,,,8226.826215386165,,
2022-07-01 00:00:00+02:00,8176.10009765625,8176.10009765625,8176.10009765625,9.008970555232565,-0.008282469355808786,-0.3166918232622969,8263.991176465777,,,8207.961709924268,,
2022-07-08 00:00:00+02:00,8100.2998046875,8100.2998046875,8100.2998046875,8.999656352899951,-0.009314202332614485,-0.35363729936345434,8265.60852953617,,,8095.0446346493345,,
2022-07-15 00:00:00+02:00,7945.89990234375,7945.89990234375,7945.89990234375,8.980411339056808,-0.019245013843143255,-0.7092511719211366,8015.825665481705,,,7973.82326049496,,
2022-07-22 00:00:00+02:00,8051.60009765625,8051.60009765625,8051.60009765625,8.993626120555676,0.013214781498868788,0.4531063566418136,7889.755382132743,,,8036.080316312868,,
2022-07-29 00:00:00+02:00,8156.2001953125,8156.2001953125,8156.2001953125,9.00653367716462,0.012907556608944049,0.4421048959115991,8133.812317970806,,,8039.906163209638,,
2022-08-05 00:00:00+02:00,8168.0,8168.0,8168.0,9.007979359844501,0.0014456826798809885,0.031664986709755476,8148.605528911093,,,8243.091279230628,,
2022-08-12 00:00:00+02:00,8400.400390625,8400.400390625,8400.400390625,9.036034649246034,0.028055289401532235,0.9845322607981633,8160.81792514484,,,8381.340621944182,,
2022-08-19 00:00:00+02:00,8338.099609375,8338.099609375,8338.099609375,9.02859060480438,-0.0074440444416534746,-0.2866685436687305,8402.079832199348,,,8328.314266145824,,
2022-08-26 00:00:00+02:00,8063.89990234375,8063.89990234375,8063.89990234375,8.995152577330309,-0.03343802747407132,-1.217490859604984,8353.282202806298,,,8197.135800641965,,
2022-09-02 00:00:00+02:00,7932.2001953125,7932.2001953125,7932.2001953125,8.978685728266285,-0.016466849064023847,-0.6097674656138958,8063.725992576184,,,8017.380700379782,,
2022-09-09 00:00:00+02:00,8033.10009765625,8033.10009765625,8033.10009765625,8.991325796902382,0.012640068636097013,0.43252638021971546,7926.314940171293,,,8017.3008171943175,,
2022-09-16 00:00:00+02:00,7984.7001953125,7984.7001953125,7984.7001953125,8.985282513959586,-0.006043282942796324,-0.23650847159303248,8013.8981375664425,,,8027.532544630411,,
2022-09-23 00:00:00+02:00,7583.5,7583.5,7583.5,8.933730113491452,-0.05155240046813425,-1.86615107458776,8032.662307726395,,,7689.274220095803,,
2022-09-30 00:00:00+02:00,7366.7998046875,7366.7998046875,7366.7998046875,8.904738671708921,-0.028991441782530103,-1.0582624263845901,7563.134494790506,,,7423.4604478741785,,
2022-10-07 00:00:00+02:00,7436.89990234375,7436.89990234375,7436.89990234375,8.914209361199484,0.009470689490562734,0.3190336218130068,7405.736894971372,,,7437.7855786268065,,
2022-10-14 00:00:00+02:00,7382.5,7382.5,7382.5,8.906867613618077,-0.007341747581406821,-0.28300538053405255,7425.487432850913,,,7360.833510686897,,
2022-10-21 00:00:00+02:00,7545.60009765625,7545.60009765625,7545.60009765625,8.928719903845142,0.021852290227064586,0.7624081619200551,7403.375664304463,,,7573.496324565813,,
2022-10-28 00:00:00+02:00,7916.5,7916.5,7916.5,8.976704467941488,0.047984564096346105,1.698182554530425,7549.73385097488,,,7865.132803096281,,
2022-11-04 00:00:00+01:00,7942.7001953125,7942.7001953125,7942.7001953125,8.980008571405179,0.0033041034636909217,0.09821344662883259,7940.147394090444,,,7959.617847329792,,
2022-11-11 00:00:00+01:00,8133.2001953125,8133.2001953125,8133.2001953125,9.003709753050412,0.02370118164523305,0.828615383400039,7936.3774701303955,,,8098.909334404092,,
2022-11-18 00:00:00+01:00,8127.7998046875,8127.7998046875,8127.7998046875,9.00304553918613,-0.0006642138642813933,-0.04388860525704091,8076.29842607473,,,8179.191481995123,,
2022-11-25 00:00:00+01:00,8416.599609375,8416.599609375,8416.599609375,9.037961178800687,0.03491563961455668,1.2301955385442982,8084.128928233216,,,8307.472199222446,,
2022-12-02 00:00:00+01:00,8382.599609375,8382.599609375,8382.599609375,9.033913361284991,-0.0040478175156959395,-0.16505256012660355,8428.291941710568,,,8390.474945251573,,
2022-12-09 00:00:00+01:00,8289.2001953125,8289.2001953125,8289.2001953125,9.022708765225618,-0.011204596059373628,-0.42133068304300964,8408.673526756405,,,8323.915015379054,,
2022-12-16 00:00:00+01:00,8112.5,8112.5,8112.5,9.001161361012345,-0.021547404213272614,-0.7916978032758004,8285.54987143565,,,8145.423481911032,,
2022-12-23 00:00:00+01:00,8269.099609375,8269.099609375,8269.099609375,9.020280907770667,0.01911954675832206,0.6645509539168695,8114.535166644782,,,8219.868206165129,,
2022-12-30 00:00:00+01:00,8229.099609375,8229.099609375,8229.099609375,9.01543188420799,-0.004849023562677246,-0.19374306389677168,8283.018240273623,,,8228.537373933483,,
2023-01-06 00:00:00+01:00,8701.099609375,8701.099609375,8701.099609375,9.071204688538078,0.05577280433008802,1.977072780872365,8246.850923126105,,,8464.925879931601,,
2023-01-13 00:00:00+01:00,8881.7001953125,8881.7001953125,8881.7001953125,9.091748281095523,0.020543592557444867,0.7155448168845291,8681.375328565546,,,8879.90158646072,,
2023-01-20 00:00:00+01:00,8918.2001953125,8918.2001953125,8918.2001953125,9.095849433389429,0.004101152293905841,0.1267550840196732,8904.871414761003,,,8914.118213803022,,
2023-01-27 00:00:00+01:00,9060.2001953125,9060.2001953125,9060.2001953125,9.111646495405758,0.015797062016329022,0.5455756149567763,8884.85736904752,,,9019.14378625991,,
2023-02-03 00:00:00+01:00,9225.599609375,9225.599609375,9225.599609375,9.129737465102663,0.018090969696904935,0.6277184884484892,8953.939901066371,,,9255.308963033911,,
2023-02-10 00:00:00+01:00,9117.400390625,9117.400390625,9117.400390625,9.117939997547753,-0.011797467554909957,-0.44256090458464403,9149.261530669368,,,9171.79477893301,,
2023-02-17 00:00:00+01:00,9333.0,9333.0,9333.0,9.141311785565748,0.023371788017994888,0.8168200791337367,9127.092039929961,,,9210.240245121206,,
2023-02-24 00:00:00+01:00,9201.5,9201.5,9201.5,9.12712179322525,-0.014189992340497781,-0.5282351723210803,9328.304419349284,,,9245.89215352045,,
2023-03-03 00:00:00+01:00,9464.2001953125,9464.2001953125,9464.2001953125,9.15527155878535,0.028149765560099738,0.9879153712898832,9152.767681174066,,,9224.543971388857,,
2023-03-10 00:00:00+01:00,9285.0,9285.0,9285.0,9.136155473786806,-0.01911608499854367,-0.7046343401885198,9531.912606403148,,,9284.285826955143,,
2023-03-17 00:00:00+01:00,8719.2998046875,8719.2998046875,8719.2998046875,9.073294216051417,-0.06286125773538842,-2.27111158791002,9234.94943488331,,,8896.997456119185,,
2023-03-24 00:00:00+01:00,8792.5,8792.5,8792.5,9.081654364348138,0.008360148296720382,0.2792660908153228,8706.310276180488,,,8785.213862783457,,
2023-03-31 00:00:00+02:00,9232.5,9232.5,9232.5,9.130485146726718,0.048830782378580295,1.728484907974085,8732.482180015262,,,9207.685224364528,,
2023-04-07 00:00:00+02:00,9312.2998046875,9312.2998046875,9312.2998046875,9.139091364973519,0.008606218246800523,0.2880776454174114,9338.005096103941,,,9303.476415214169,,
2023-04-14 00:00:00+02:00,9362.900390625,9362.900390625,9362.900390625,9.144510392264868,0.005419027291349465,0.17394706132092386,9420.765748562171,,,9345.499689144737,,
2023-04-21 00:00:00+02:00,9415.599609375,9415.599609375,9415.599609375,9.150123125667172,0.005612733402303505,0.18088351159806604,9301.37895469299,,,9414.345322936833,,
2023-04-28 00:00:00+02:00,9241.0,9241.0,9241.0,9.13140538388804,-0.018717741779131103,-0.6903700099560698,9262.67179754804,,,9300.2606239455,,
2023-05-05 00:00:00+02:00,9147.2998046875,9147.2998046875,9147.2998046875,9.121214011405174,-0.010191372482866612,-0.3850480127469927,9219.907569170753,,,9175.260460716043,,
2023-05-12 00:00:00+02:00,9234.099609375,9234.099609375,9234.099609375,9.130658390248843,0.009444378843669554,0.31809146003486194,9116.333033654837,,,9185.47281678348,,
2023-05-19 00:00:00+02:00,9251.5,9251.5,9251.5,9.132540979521771,0.001882589272927504,0.047310238392815764,9331.353941652389,,,9262.683794510049,,
2023-05-26 00:00:00+02:00,9191.099609375,9191.099609375,9191.099609375,9.125990861007466,-0.00655011851430487,-0.2546578202281415,9281.19261434195,,,9181.341803609323,,
2023-06-02 00:00:00+02:00,9317.2998046875,9317.2998046875,9317.2998046875,9.139628145175445,0.013637284167979047,0.46823581611941634,9187.915236070772,,,9337.196974967812,,
2023-06-09 00:00:00+02:00,9309.7001953125,9309.7001953125,9309.7001953125,9.138812167315708,-0.0008159778597374157,-0.049323144225152785,9298.173683197345,,,9388.852597050985,,
2023-06-16 00:00:00+02:00,9495.0,9495.0,9495.0,9.158520623246385,0.019708455930677715,0.6856392880519098,9382.411732840816,,,9444.55914791363,,
2023-06-23 00:00:00+02:00,9265.7998046875,9265.7998046875,9265.7998046875,9.13408546037815,-0.024435162868234883,-0.8951059726096293,9444.945240954681,,,9317.557647682592,,
2023-06-30 00:00:00+02:00,9593.0,9593.0,9593.0,9.168788944817948,0.034703484439797094,1.2225984430602665,9264.135136993613,,,9389.385872618157,,
2023-07-07 00:00:00+02:00,9248.7998046875,9248.7998046875,9248.7998046875,9.132249071243507,-0.03653987357444066,-1.3285653173832643,9606.28636766694,,,9433.078730848954,,
2023-07-14 00:00:00+02:00,9438.2998046875,9438.2998046875,9438.2998046875,9.152531137482969,0.020282066239461827,0.706179782958037,9273.19848454451,,,9434.342567762542,,
2023-07-21 00:00:00+02:00,9571.5,9571.5,9571.5,9.166545211976512,0.014014074493543305,0.48172835564391703,9474.986535682385,,,9525.1037064465,,
2023-07-28 00:00:00+02:00,9685.099609375,9685.099609375,9685.099609375,9.178343860700442,0.011798648723930327,0.4023958523071171,9504.212888290675,,,9725.38573444645,,
2023-08-04 00:00:00+02:00,9368.400390625,9368.400390625,9368.400390625,9.145097644610265,-0.03324621609017697,-1.2106222578844703,9634.909503310742,,,9427.18863398302,,
2023-08-11 00:00:00+02:00,9434.2998046875,9434.2998046875,9434.2998046875,9.152107242509018,0.007009597898752773,0.23090403534821544,9443.513515293147,,,9411.192246308477,,
2023-08-18 00:00:00+02:00,9267.7001953125,9267.7001953125,9267.7001953125,9.134290536659657,-0.017816705849361014,-0.6581046834055216,9392.517653657638,,,9342.782823712887,,
2023-08-25 00:00:00+02:00,9338.900390625,9338.900390625,9338.900390625,9.14194379309556,0.007653256435903089,0.2539528974435397,9285.260886742979,,,9335.546195159066,,
2023-09-01 00:00:00+02:00,9449.599609375,9449.599609375,9449.599609375,9.153727650211874,0.011783857116313357,0.4018661774803975,9352.92158766895,,,9444.227050855141,,
2023-09-08 00:00:00+02:00,9364.599609375,9364.599609375,9364.599609375,9.144691860026679,-0.009035790185194514,-0.34366759831675264,9500.886608117864,,,9369.151678000704,,
2023-09-15 00:00:00+02:00,9549.7001953125,9549.7001953125,9549.7001953125,9.164265039821005,0.01957317979432638,0.6807951652265457,9363.18933621599,,,9492.256606192776,,
2023-09-22 00:00:00+02:00,9502.0,9502.0,9502.0,9.159257581746866,-0.0050074580741394925,-0.19941646834193105,9515.968813155028,,,9528.812072043822,,
2023-09-29 00:00:00+02:00,9428.0,9428.0,9428.0,9.151439264056021,-0.007818317690844623,-0.30007094883959695,9531.565651315123,,,9480.42758451689,,
2023-10-06 00:00:00+02:00,9235.7998046875,9235.7998046875,9235.7998046875,9.130842494696754,-0.020596769359267242,-0.7576563816394373,9378.210617879211,,,9309.141425408769,,
2023-10-13 00:00:00+02:00,9232.900390625,9232.900390625,9232.900390625,9.130528513306006,-0.0003139813907484523,-0.03134707971540131,9262.84442916963,,,9286.935566211187,,
2023-10-20 00:00:00+02:00,9029.099609375,9029.099609375,9029.099609375,9.108207930406886,-0.022320582899119756,-0.8193846711980898,9191.666771382106,,,9115.427748078424,,
2023-10-27 00:00:00+02:00,8918.2998046875,8918.2998046875,8918.2998046875,9.09586060255098,-0.012347327855906087,-0.46225093201046463,9128.601922210582,,,8960.908377319256,,
2023-11-03 00:00:00+01:00,9293.900390625,9293.900390625,9293.900390625,9.137113591987426,0.04125298943644573,1.4571306192801834,8864.627104753203,,,9129.848005567606,,
2023-11-10 00:00:00+01:00,9371.7001953125,9371.7001953125,9371.7001953125,9.145449809712739,0.008336217725313233,0.2784091575061373,9400.412360257533,,,9364.283031311754,,
2023-11-17 00:00:00+01:00,9761.400390625,9761.400390625,9761.400390625,9.186191151760491,0.04074134204775248,1.4388089635842387,9346.894901249409,,,9641.027139058395,,
2023-11-24 00:00:00+01:00,9939.0,9939.0,9939.0,9.204221690968005,0.01803053920751374,0.6255545242719287,9774.58155637398,,,9891.360995910747,,
2023-12-01 00:00:00+01:00,10140.7998046875,10140.7998046875,10140.7998046875,9.224322150236533,0.020100459268528326,0.6996765925441758,9916.471616960976,,,10103.503797714511,,
2023-12-08 00:00:00+01:00,10223.400390625,10223.400390625,10223.400390625,9.23243452765816,0.00811237742162696,0.2703936275422497,10168.366626590061,,,10212.335425355279,,
2023-12-15 00:00:00+01:00,10095.599609375,10095.599609375,10095.599609375,9.219854925652168,-0.012579602005992285,-0.47056847080572056,10157.49627910285,,,10158.334022496541,,
2023-12-22 00:00:00+01:00,10111.900390625,10111.900390625,10111.900390625,9.221468265727461,0.0016133400752931237,0.037668654746575304,10065.211185871993,,,10109.550128507293,,
2023-12-29 00:00:00+01:00,10102.099609375,10102.099609375,10102.099609375,9.220498563341195,-0.0009697023862660359,-0.05482788813535394,10164.368468288028,,,10075.97868669001,,
2024-01-05 00:00:00+01:00,10164.5,10164.5,10164.5,9.22665653646112,0.006157973119924165,0.20040807988231657,10065.807283630807,,,10127.479272613105,,
2024-01-12 00:00:00+01:00,10094.7998046875,10094.7998046875,10094.7998046875,9.219775699414836,-0.006880837046283617,-0.2665005682008388,10254.477259521598,,,10088.377408117056,,
2024-01-19 00:00:00+01:00,9858.2998046875,9858.2998046875,9858.2998046875,9.196068999126625,-0.023706700288210314,-0.8690203502190272,10058.274238374323,,,9873.147221111907,,
2024-01-26 00:00:00+01:00,9936.599609375,9936.599609375,9936.599609375,9.203980149511763,0.007911150385137233,0.26318785934963523,9832.840512896433,,,9968.11689975167,,
2024-02-02 00:00:00+01:00,10062.5,10062.5,10062.5,9.216570921726818,0.012590772215055779,0.430761117514737,9953.520950556978,,,10088.758614810902,,
2024-02-09 00:00:00+01:00,9896.599609375,9896.599609375,9896.599609375,9.19994650332154,-0.016624418405278618,-0.6154098890533665,10053.647257427603,,,9931.029661966248,,
2024-02-16 00:00:00+01:00,9886.400390625,9886.400390625,9886.400390625,9.198915393818064,-0.0010311095034758466,-0.0570268245193979,9938.134519123241,,,9896.26951594547,,
2024-02-23 00:00:00+01:00,10130.599609375,10130.599609375,10130.599609375,9.223315786939652,0.024400393121588593,0.8536535487684934,9822.851933289903,,,10065.275538353806,,
2024-03-01 00:00:00+01:00,10064.7001953125,10064.7001953125,10064.7001953125,9.216789550776056,-0.006526236163596266,-0.2538026136609578,10149.885195187266,,,10033.218944480685,,
2024-03-08 00:00:00+01:00,10305.7001953125,10305.7001953125,10305.7001953125,9.240452438159634,0.023662887383578024,0.8272440986193902,10016.747761340197,,,10213.824648013031,,
2024-03-15 00:00:00+01:00,10597.900390625,10597.900390625,10597.900390625,9.268411184124314,0.027958745964680176,0.9810751228379281,10344.554219407451,,,10462.9738344804,,
2024-03-22 00:00:00+01:00,10943.2001953125,10943.2001953125,10943.2001953125,9.300473555623077,0.03206237149876223,1.1280224459398047,10616.685879898188,,,10825.660744978302,,
2024-03-29 00:00:00+01:00,11074.599609375,11074.599609375,11074.599609375,9.312409441607443,0.011935885984366124,0.4073102013098183,10945.803756210504,,,11039.662524936006,,
2024-04-05 00:00:00+02:00,10916.0,10916.0,10916.0,9.29798488182823,-0.014424559779213197,-0.5366348318221279,11097.359687015423,,,10968.728565798005,,
2024-04-12 00:00:00+02:00,10686.0,10686.0,10686.0,9.276689752517717,-0.021295129310512806,-0.782664054621482,10887.161743000503,,,10755.950687083032,,
2024-04-19 00:00:00+02:00,10729.5,10729.5,10729.5,9.280752236216548,0.004062483698831443,0.12537039467921066,10688.067074795932,,,10703.585013258951,,
2024-04-26 00:00:00+02:00,11154.599609375,11154.599609375,11154.599609375,9.31960721284504,0.038854976628492466,1.371259830153326,10715.14899876701,,,10964.917827898718,,
2024-05-03 00:00:00+02:00,10854.7001953125,10854.7001953125,10854.7001953125,9.292353462890215,-0.027253749954825324,-0.9960371671993987,11252.35990277173,,,10980.084747698113,,
2024-05-10 00:00:00+02:00,11105.5,11105.5,11105.5,9.315195760078563,0.022842297188347516,0.7978594650676002,10909.549932336726,10342.07246482545,11508.165324787926,10850.1787109375,10663.194654842795,11037.162767032205
2024-05-17 00:00:00+02:00,11327.7001953125,11327.7001953125,11327.7001953125,9.335006349773998,0.019810589695435254,0.6892966108765164,10853.170560662613,10045.031832683524,11726.325329858688,10974.0791015625,10600.110989373088,11348.047213751912
2024-05-24 00:00:00+02:00,11246.0,11246.0,11246.0,9.327767788852148,-0.007238560921850379,-0.2793103544465819,10806.916178285755,9814.718316905533,11899.418150730664,10876.638671875,10315.686503590883,11437.590840159117
2024-05-31 00:00:00+02:00,11322.0,11322.0,11322.0,9.334503014596605,0.006735225744456841,0.22107900300239708,10771.625581768874,9645.998399618684,12028.60635747196,11001.09375,10253.157525621178,11749.029974378822
2024-06-07 00:00:00+02:00,11404.900390625,11404.900390625,11404.900390625,9.341798400846503,0.007295386249898783,0.2411378719460763,10801.373960498748,9578.461827309702,12180.41910465173,11009.66796875,10074.747688276471,11944.588249223529
2024-06-14 00:00:00+02:00,10992.2998046875,10992.2998046875,10992.2998046875,9.304950288897995,-0.03684811194850823,-1.3396030701144324,10823.502009904656,9514.884902940417,12312.09803937906,10940.703125,9818.798788431766,12062.607461568234
2024-06-21 00:00:00+02:00,11032.2998046875,11032.2998046875,11032.2998046875,9.308582595018265,0.0036323061202701012,0.1099661032537318,10847.622792691378,9446.075393124702,12457.122704966334,10925.9482421875,9617.059849524561,12234.836634850439
2024-06-28 00:00:00+02:00,10943.7001953125,10943.7001953125,10943.7001953125,9.300519245052932,-0.008063349965333089,-0.30884534516562495,10769.874316102152,9292.271002615997,12482.43758194125,11060.8564453125,9564.983996554856,12556.728894070144
